{
    "sst_mean_overall": 26.88062203673511,
    "chl_mean_overall": 0.1959581280953164,
    "adg_mean_overall": 26.88062203673511
}