{
  "long_term_means": {
    "sst": 26.8771,
    "chl": 0.195069,
    "adg": 0.011879
  }
}